{"x": [1, 2, 3, 4, 5, 6, 7, 8, 9, 10, 11, 12, 13, 14, 15, 16, 17, 18, 19, 20, 21, 22, 23, 24, 25, 26, 27, 28, 29, 30, 31, 32, 33, 34, 35, 36, 37, 38, 39, 40, 41, 42, 43, 44, 45, 46, 47, 48, 49, 50], "y": [0.0, 0.11280000000000001, 0.2744, 0.35120000000000007, 0.37360000000000004, 0.4224, 0.4024, 0.3944, 0.4312, 0.4728, 0.48240000000000005, 0.48240000000000005, 0.48240000000000005, 0.5056, 0.5192, 0.5192, 0.5, 0.5, 0.5, 0.5, 0.5376000000000001, 0.5056, 0.508, 0.5128, 0.5272, 0.5376000000000001, 0.5376000000000001, 0.5376000000000001, 0.5432, 0.5576000000000001, 0.5376000000000001, 0.5512, 0.5512, 0.5512, 0.5512, 0.5632, 0.5376000000000001, 0.5376000000000001, 0.5704, 0.5704, 0.5376000000000001, 0.5376000000000001, 0.5376000000000001, 0.5128, 0.5304, 0.508, 0.5304, 0.5432, 0.5544, 0.5544]}